indicator,boreal,ecoz4,ecoz6,ecoz9,ecoz10,ecoz14,ecoz15,ecop4.3,ecop6.1,ecop6.2,ecop6.3,ecop6.5,ecop6.6,ecop9.1,ecop9.2,ecop9.3,ecop10.2,ecop14.4,ecop15.2,ecor64,ecor65,ecor88,ecor90,ecor91,ecor93,ecor94,ecor96,ecor97,ecor99,ecor100,ecor101,ecor103,ecor137,ecor138,ecor139,ecor142,ecor143,ecor145,ecor148,ecor149,ecor155,ecor156,ecor207,ecor217
ClimateMoisture,0.166,0.285,0.246,0.182,0,0.443,0.842,0.211,0.887,0.143,0.255,0.208,0.043,0.093,0.156,0.367,0,0.647,0.81,0.111,0.107,0.845,0.451,0.325,0.128,0.157,0.149,0.249,0.066,0.26,0.079,0.365,0.079,0.062,0.068,0.265,0.272,0.068,0.483,0.265,0.14,0,0.647,0.679
PrimaryProductivity,0.527,0.67,0.264,0.216,0,0.613,0.721,0.442,0.317,0.118,0.206,0.098,0.082,0.108,0.307,0.173,0,0.585,0.683,0.436,0.275,0.352,0.236,0.14,0.015,0.166,0.14,0.126,0.067,0.428,0.166,0.398,0.263,0.453,0.133,0.169,0.105,0.058,0.21,0.484,0.134,0,0.585,0.563
LandCover,0.409,0.533,0.23,0.229,0,0.326,0.402,0.287,0.4,0.103,0.199,0.065,0.056,0.063,0.272,0.162,0,0.47,0.342,0.338,0.382,0.402,0.178,0.115,0.098,0.126,0.099,0.101,0.073,0.287,0.133,0.328,0.065,0.411,0.133,0.217,0.2,0.074,0.215,0.492,0.175,0,0.47,0.23
LakeEdgeDensity,0.081,0.471,0.06,0.112,0,0.155,0.193,0.311,0.285,0.053,0.02,0.102,0.015,0.011,0.054,0.033,0,0.114,0.182,0.355,0.248,0.176,0.167,0.213,0.11,0.064,0.048,0.032,0.032,0.232,0.049,0.162,0.036,0.078,0.06,0.139,0.019,0.015,0.057,0.199,0.077,0,0.114,0.144
ALFL_CORE,1.321,0.375,1.117,1.705,NaN,21.413,1.255,0.372,0,1.241,1.431,1.474,1.115,1.184,0.766,0,NaN,7.627,1.119,0.184,1.032,0,1.774,1.571,1.315,0.708,1.39,0.8,1.082,1.095,1.089,2.03,0.187,0.854,0.955,0.253,1.905,1.083,0,0.117,NaN,NaN,7.627,1.122
AMCR_CORE,2.686,2.421,1.451,1.024,1,11.06,17.149,0.874,0.84,1.237,0.508,1.001,0.995,1.018,1.016,0.996,1,4.491,14.586,0.569,4.912,0.724,1.274,1.002,0.999,1.541,0.911,1.006,0.998,3.22,0.864,0.12,0.128,0.698,1.303,2.729,1,0.986,0.995,1.01,0.988,1,4.491,8.871
AMGO_CORE,2.551,6.737,1.512,0.676,1,9.245,30.218,2.366,0,1.348,0.438,0.996,0.995,0.334,0.817,1.027,1,5.211,25.147,0.863,6.996,0,1.269,1.002,0.99,1.849,1.207,1.025,0.982,4.138,0.858,0,0.008,0.263,1.395,3.382,0.19,0.345,1.046,1.014,0.988,1,5.211,14.551
AMPI_CORE,0.034,0,0.18,2.694,NaN,8.821,0,0.002,0,0,0.148,NaN,NaN,1.217,NaN,NaN,NaN,3.478,0,0,0.004,NaN,NaN,NaN,NaN,NaN,NaN,NaN,NaN,0,0.246,0.436,0,NaN,NaN,NaN,NaN,1.025,NaN,NaN,NaN,NaN,3.478,NaN
AMRE_CORE,2.685,0.892,1.602,1.079,1,10.982,4.81,0.355,0.112,1.276,1.253,1.001,1.005,0.973,1.113,1.041,1,4.747,3.984,0.496,0.127,0.117,1.513,1.002,0.999,1.065,1.015,1.006,1.004,2.202,1.305,1.047,0.888,0.844,1.068,1.147,1,0.99,1.073,1.06,0.983,1,4.747,2.287
AMRO_CORE,0.712,0.023,0.858,1.096,1,11.228,0,0.093,0,0.642,0.282,0.739,0.837,0.986,0.42,0.144,1,4.484,0,0,3.185,0,0.014,0.555,1.384,0.942,0.466,0.571,0.905,0.118,0.835,0.941,0.364,0.189,1.155,NaN,0.999,1.002,0.054,0.042,0.167,1,4.484,0
ATSP_CORE,0,0,0,NaN,NaN,0.247,0,0,NaN,NaN,0,NaN,NaN,NaN,NaN,NaN,NaN,0.175,0,0,0,NaN,NaN,NaN,NaN,NaN,NaN,NaN,NaN,NaN,0,0,NaN,NaN,NaN,NaN,NaN,NaN,NaN,NaN,NaN,NaN,0.175,NaN
BAWW_CORE,2.387,2.411,1.33,0.905,1,0,4.327,0.893,2.546,1.169,1.666,1.001,1.004,1.049,1.139,0.952,1,0,3.583,0.837,0.095,2.639,1,1.002,0.999,1.054,1.042,1.006,1.005,3.325,1.111,1.272,1.411,1.262,1.087,0.997,1.039,0.887,1,1.085,0.907,1,0,2.057
BBWA_CORE,2.561,6.118,1.397,1.001,1,NaN,4.354,2.194,2.167,1.179,1.607,1.283,1.166,1.31,1.413,0.822,1,NaN,3.604,2.039,0.077,1.994,1.026,1.405,1.115,1.01,1.077,1.297,1.109,3.007,1.385,2.69,1.934,2.665,1.047,0.988,0,1.374,0.963,4.994,0.764,1,NaN,2.07
BCCH_CORE,2.638,0,1.486,1.049,1,12.572,5.112,0,0.353,1.206,0.945,1.001,1.003,0.976,1.031,1.047,1,4.888,4.234,0,0,0.433,1.121,1.002,0.999,1.029,1.044,1.006,1.002,3.09,1.173,0.469,0.463,0.639,1.104,1.091,1,1.002,1.076,1.03,0.988,1,4.888,2.431
BHCO_CORE,0.834,1.172,0.542,0.815,1,0,0,1.193,0.049,0.186,0.052,0.552,0.546,0.662,0.971,1.13,1,NaN,0,1.049,1.052,0.109,0.048,0.556,1.422,0.575,0.251,1.072,0.308,NaN,0.032,NaN,1.225,0.988,1.349,1.522,0.326,0.315,1.209,1.01,0.988,1,NaN,0
BHVI_CORE,2.352,1.155,1.231,1.075,1,5.19,3.104,0.424,1.493,1.109,2.033,1.089,1.018,1.023,1.226,0.844,1,3.799,2.571,0.596,0.065,1.408,1.001,1.147,0.999,0.997,1.011,1.007,1.025,2.052,1.247,28.889,1.053,0.975,1.007,0.734,1.025,0.971,0.979,1.429,0.771,1,3.799,1.476
BLBW_CORE,3.067,0,1.716,0.936,1,0,8.419,0,4.07,1.254,1.523,1.001,1,0.644,1.415,0.973,1,NaN,6.976,0,0,3.167,1.13,1.002,0.999,1.299,1.008,1.006,1.006,4.379,0.933,NaN,NaN,1.575,1.314,2.045,0.558,0.537,1.004,1.338,0.946,1,NaN,4.005
BLJA_CORE,3.081,0,1.785,0.858,1,0,12.391,0,3.715,1.36,1.404,1.001,0.987,0.287,1.23,0.996,1,NaN,10.275,0,0,2.975,1.216,1.002,0.999,1.892,1.043,1.009,0.991,4.329,0.86,NaN,0,1.09,1.483,2.294,0.122,0.241,1.003,1.136,0.989,1,NaN,5.9
BLPW_CORE,0.067,0.151,0.144,1.788,NaN,0,0,0.508,0,0,0.174,NaN,0.983,1.488,0,NaN,NaN,0,0,0.328,0.933,0,NaN,NaN,NaN,NaN,NaN,NaN,0.916,0,0.315,0.188,NaN,0,NaN,NaN,NaN,1.241,NaN,NaN,NaN,NaN,0,0
BOCH_CORE,1.233,4.563,0.925,1.229,NaN,12.603,1.887,1.915,3.134,0.809,1.004,NaN,1.128,1.326,1.165,1.303,NaN,4.76,1.594,2.001,0.229,3.581,0.544,NaN,NaN,0.26,1.455,NaN,1.052,0.966,1.041,1.011,1.625,3.081,0.893,0.48,2.711,1.263,1.587,9.097,3.834,NaN,4.76,1.008
BRBL_CORE,1.019,1.6,0.044,0.797,1,0,NaN,1.382,0,0.289,0,0,1.031,0.608,0.842,2.003,1,NaN,NaN,1.162,0.741,NaN,0,0,NaN,NaN,0.259,2.195,0,NaN,0,NaN,1.344,1.013,1.208,1.389,0.17,0.074,3.197,0.976,1.124,1,NaN,NaN
BRCR_CORE,1.786,1.878,1.273,1.056,1,NaN,1.359,0.676,1.729,1.026,1.847,1.058,1.222,1.301,1.451,0.975,1,NaN,1.177,0.846,0,1.663,1.001,1.125,0.954,1.022,1.068,1.438,1.135,1.008,1.214,1.251,1.923,2.859,1.062,1.055,NaN,1.437,1,2.226,0.983,1,NaN,1.009
BTNW_CORE,2.792,0,1.574,1.152,1,12.968,4.941,0,0.113,1.256,1.085,1.001,1.005,1.032,1.152,1.047,1,4.981,4.092,0,0,0.096,1.386,1.002,0.999,1.052,1.015,1.006,1.004,2.41,1.357,1.104,0.749,0.573,1.081,0.549,1,1.008,1.106,1.153,0.967,1,4.981,2.35
CAWA_CORE,2.603,4.718,1.488,0.928,1,0,4.922,1.709,2.957,1.158,1.874,1.001,1.003,1.057,1.134,0.994,1,0,4.076,1.66,0.091,2.821,1.012,1.002,0.999,0.998,1.037,1.006,1.002,3.222,1.148,0,1.467,1.197,1.07,1.03,1.045,0.907,1,1.114,0.997,1,0,2.34
CCSP_CORE,1.067,1.554,0.036,0.785,1,2.615,NaN,1.282,0,0.067,0,0,1.979,0.73,0.858,1.464,1,10.132,NaN,1.146,0.857,0,0,0,NaN,NaN,0.657,2.318,NaN,NaN,0,NaN,1.396,0.992,0.973,1.071,0.403,0.325,1.844,1.015,0.993,1,10.132,NaN
CEDW_CORE,2.533,2.006,1.368,1.109,1,13.296,2.897,0.721,0.836,1.086,1.395,1.001,1.004,1.193,1.267,0.993,1,5.504,2.399,0.635,0,1.338,1,1.002,0.999,0.997,1.001,1.006,1.004,1.753,1.241,0.422,0.979,1.148,1.317,2.306,1.194,1.002,0.999,1.05,0.988,1,5.504,1.378
CHSP_CORE,1.058,1.584,0.285,1.044,1,13.225,0,1.015,1.181,0.63,0,0.708,0.143,1.001,1.072,0.96,1,5.272,0,1.002,1.04,1.034,0.872,0.728,1.098,0.439,2.156,0,0.142,NaN,0,NaN,1.004,1.173,0.995,1,1.006,1.003,1,1.247,0.928,1,5.272,0
CMWA_CORE,1.848,3.482,0.952,0.95,1,0,2.587,1.697,1.903,1.095,2.113,0.996,1.45,1.371,1.319,0.894,1,NaN,2.142,1.475,0.198,1.827,1.004,1.02,1.028,0.946,1.441,NaN,1.352,4.029,1.298,0,2.032,2.207,1.108,1.016,NaN,NaN,1.005,2.692,0.811,1,NaN,1.23
COGR_CORE,1.917,0,1.507,0.588,1,12.233,9.744,0,0,1.183,1.021,1,1.001,0.593,0.403,1.12,1,4.668,8.114,0,NaN,0,1.681,1.002,0.998,0.959,1.161,0.987,1.004,1,1.004,1.009,0,0.181,0.882,0.642,0.077,0.496,1.126,0.738,1.024,1,4.668,4.806
CONW_CORE,2.174,5.024,1.219,0.862,1,0,5.987,1.871,2.597,1.27,2.846,0.859,1.059,0.873,1.056,1.031,1,NaN,4.956,1.801,0.117,2.373,1.042,0.858,0.974,1.257,1.226,1.237,0.99,3.103,1.744,NaN,1.19,1.037,1.04,1.031,0.841,0.768,1.045,1.056,1.013,1,NaN,2.846
CORA_CORE,1.057,2.039,0.746,0.949,1,11.54,1.042,1.357,1.053,1.05,0.221,0.988,1.148,1.14,1.055,0.993,1,5.106,1.039,1.102,1.165,1.061,1,1.002,0.972,1.083,0.972,1.354,0.967,0.146,0.475,0.228,1.368,1.528,1.073,1.144,1.659,0.974,1,1.36,0.989,1,5.106,1.055
CORE_CORE,0.001,0.013,0,NaN,NaN,NaN,0,0.181,0,0,0,NaN,NaN,NaN,NaN,NaN,NaN,NaN,0,0,0.352,0,NaN,NaN,NaN,NaN,NaN,NaN,NaN,0,0,0,NaN,NaN,NaN,NaN,NaN,NaN,NaN,NaN,NaN,NaN,NaN,NaN
COYE_CORE,2.701,0.187,1.509,1.141,1,8.925,2.317,0.066,0,1.06,1.733,1.001,1.005,1.175,1.162,1.045,1,3.523,1.919,0.141,0,0,1.099,1.002,0.999,0.997,1,1.006,1.004,1.196,1.301,1.743,0.167,0.624,1.467,3.155,1.207,0.998,1.066,1.101,0.988,1,3.523,1.141
CSWA_CORE,3.301,0,1.86,0.912,1,NaN,10.212,0,2.113,1.322,1.489,1.001,1.001,0.384,1.459,0.967,1,NaN,8.465,0,0,1.328,1.344,1.002,0.999,1.679,0.884,1.008,1.009,4.501,0.912,NaN,NaN,0.406,1.498,0,0.159,0.32,1.014,1.457,0.91,1,NaN,4.86
DEJU_CORE,0.625,0.706,0.555,1.582,NaN,13.15,0.149,0.413,0,0.414,1.136,NaN,1.003,1.247,0.354,0,NaN,5.054,0.144,0.322,0.857,0,0,NaN,NaN,0,0.988,NaN,0.934,0.253,1.011,1.473,0.697,1.717,0.357,0.034,1.842,1.137,0,0.056,NaN,NaN,5.054,0.173
EAKI_CORE,2.237,6.19,1.79,0.73,1,0,0,3.222,0,0.891,0.415,0.944,0.862,0.366,0.829,1.292,1,NaN,0,2.372,2.41,0,1.039,1.001,0.851,2.492,1.009,0.856,0.858,0.063,0.255,0,0.196,0.888,1.368,2.557,0.237,0.403,1.484,0.962,0.988,1,NaN,0
EAPH_CORE,2.795,0.212,1.861,0.759,1,NaN,29.466,0.368,0.49,1.227,1.28,0.995,0.991,0.278,1.016,1.009,1,NaN,24.452,0,1.988,0.358,1.296,1.002,0.986,2.213,0.983,1.078,0.966,5.154,0.784,NaN,0.014,0.548,1.427,2.363,0.352,0.311,1.021,1.1,0.988,1,NaN,14.039
EVGR_CORE,2.471,2.351,1.444,1.082,1,11.133,4.033,0.831,4.719,1.157,1.359,1.001,1.006,1.042,1.135,1.001,1,4.675,3.34,1.079,0,4.268,1.113,1.002,0.999,1,1.014,1.006,1.006,2.215,1.268,0.911,1.022,1.056,1.099,1.05,1.063,1.039,1,1.039,1.015,1,4.675,1.919
FOSP_CORE,0.177,0.199,0.363,1.114,NaN,4.324,0,0.805,0,0,0.493,NaN,1,1.436,0.091,NaN,NaN,1.758,0,0.159,1.621,0,NaN,NaN,NaN,NaN,NaN,NaN,0.932,0,0.642,0.902,NaN,1.774,0,NaN,NaN,1.198,NaN,NaN,NaN,NaN,1.758,0
GCKI_CORE,2.36,0,1.41,1.776,NaN,11.374,2.149,0,1.443,1.033,1.198,1.187,1.039,1.072,2.101,0.001,NaN,4.538,1.78,0,0,6.073,1.037,1.328,0.999,0.997,1,1.007,1.058,1.137,1.293,1.102,0.733,0.916,1.532,1.401,1.296,1.032,0.001,0.222,0,NaN,4.538,1.037
GCTH_CORE,0.002,0.001,0.102,NaN,NaN,NaN,0,0.009,0,0,0.095,NaN,NaN,NaN,NaN,NaN,NaN,NaN,0,0,0.02,0,NaN,NaN,NaN,NaN,NaN,NaN,NaN,0,0.079,0,NaN,NaN,NaN,NaN,NaN,NaN,NaN,NaN,NaN,NaN,NaN,NaN
GRAJ_CORE,0.677,2.479,0.5,1.046,NaN,18.664,0.296,1.093,1.032,0.656,1.173,NaN,NaN,1.263,0.984,0.533,NaN,6.598,0.285,1.066,1.006,1.055,0.371,NaN,NaN,0.46,1.399,NaN,NaN,0.286,0.914,1.27,1.582,2.811,0.841,0.782,NaN,1.259,0.649,10.317,NaN,NaN,6.598,0.301
HETH_CORE,1.3,0.763,0.981,0.87,NaN,13.877,1.163,0.408,0.872,1.029,1.052,1.218,1.175,1.47,0.434,0.359,NaN,5.275,1.05,0.287,0.793,0.92,1.026,1.429,0.971,0.992,1.07,1.169,1.197,1,1.04,1.05,0.193,2.204,0.653,1.045,2.711,1.248,0.445,13.985,0,NaN,5.275,1.009
HOLA_CORE,0.3,0.479,0.644,0.304,1,5.136,0,2.447,0,1.171,0.053,0.238,0.332,0.262,0.265,1.164,1,2.026,0,1.548,4.82,0,0.067,0.166,1.427,NaN,0.911,1.125,0.083,0.295,0.084,0,0.038,0.135,0.696,0.337,0.187,0.31,1.117,0.48,0.841,1,2.026,0
LCSP_CORE,0.838,1.166,0.133,0.784,1,NaN,0,1.169,3.245,0.18,0,0.332,2.058,1.132,0.953,0.998,1,NaN,0,1.042,1.024,2.347,0.237,0.344,1.427,NaN,0.487,2.41,NaN,NaN,0,NaN,1.748,1.142,0.946,0.991,0.256,0.106,1.007,1.116,0.988,1,NaN,0
LEFL_CORE,2.212,3.33,1.252,0.93,1,0,2.744,1.303,1.349,1.109,2.021,1.001,1.011,0.884,1.051,0.993,1,NaN,2.272,1.29,0.479,1.303,1,1.002,0.999,0.997,1.011,1.008,1.012,2.053,1.24,28.242,0.983,0.997,1.04,1,0.997,0.916,1,1.025,0.988,1,NaN,1.305
LISP_CORE,0.852,0.759,0.669,1.396,NaN,17.183,0.298,0.571,0,0.712,1.266,NaN,0.895,1.03,0.771,0,NaN,6.303,0.292,0.444,1.186,0,0.046,NaN,NaN,0.046,1.373,NaN,0.834,0.585,1.08,1.313,0.807,0.369,0.726,0.412,1.358,1.063,0,0.004,NaN,NaN,6.303,0.339
MAWA_CORE,2.338,0.261,1.27,0.895,NaN,12.932,3.283,0.1,1.728,1.035,1.486,1.22,1.031,1.441,1.217,0.467,NaN,4.555,2.719,0.126,0.001,1.537,1.007,1.393,1,0.997,1.001,1.007,1.044,1.215,1.273,1.623,NaN,3.595,0.929,0.261,2.708,1.202,0.611,13.216,0,NaN,4.555,1.561
MOWA_CORE,2.836,0,1.617,0.993,1,3.104,5.405,0,5.185,1.167,1.859,1.001,1.004,0.995,1.151,0.959,1,2.763,4.477,0,0,4.622,1.035,1.002,0.999,1.021,1.028,1.006,1.003,3.073,1.139,NaN,0.833,0.37,1.151,0.597,0.999,0.938,1,1.045,0.927,1,2.763,2.57
NAWA_CORE,3.339,0,1.847,0.916,1,NaN,4.651,0,0,1.196,1.686,1.001,1.011,1.417,3.058,0.722,1,NaN,3.852,0,0,0,1.307,1.002,0.999,0.997,1.008,1.008,1.012,1.998,1.383,2.048,NaN,4.772,1.91,5.831,NaN,1.182,1.138,8.475,0.262,1,NaN,2.212
NOWA_CORE,0.445,0.287,0.465,1.692,NaN,13.924,0.23,0.34,0,0.348,0.869,NaN,1.067,1.158,0.305,NaN,NaN,5.364,0.232,0.113,1.476,0,0,NaN,NaN,0,0.889,NaN,0.995,0.133,0.984,0.992,0.646,1.012,0.399,0,1.197,1.077,NaN,NaN,NaN,NaN,5.364,0.25
OCWA_CORE,0.106,0.374,0,0.857,NaN,8.148,0,0.505,0,0,0,NaN,NaN,0.694,0.349,NaN,NaN,4.005,0,0.224,1.323,0,NaN,NaN,NaN,NaN,0,NaN,NaN,0,NaN,NaN,0.884,0.945,0.432,0.061,0,0.885,NaN,0,NaN,NaN,4.005,0
OSFL_CORE,0.365,1.292,0.414,1.378,NaN,11.378,0.018,0.718,0,0.307,1.021,NaN,0.9,1.108,0.381,0,NaN,4.463,0.018,0.694,1.168,0,0,NaN,NaN,0,0.718,NaN,0.839,0.124,0.877,1.522,1.113,2.693,0.459,0.116,2.711,1.096,0,0,NaN,NaN,4.463,0.026
OVEN_CORE,2.372,4.972,1.323,0.9,1,0,4.577,1.889,1.96,1.181,1.635,1.001,1.015,0.934,1.083,0.969,1,0,3.791,1.882,0.204,1.703,1,1.002,0.999,1.053,1.048,1.006,1.027,4.402,1.002,NaN,1.149,0.888,1.045,0.95,1.024,0.865,1,1.098,0.942,1,0,2.177
PAWA_CORE,0.452,1.562,0.298,0.388,NaN,NaN,0.216,1.037,0.807,0.665,1.973,NaN,0.716,1.083,0.576,0.336,NaN,NaN,0.204,0.936,0.826,0.897,0.85,NaN,NaN,0.535,1.405,NaN,0.667,0.554,1.209,NaN,1.605,2.347,0.619,1.285,NaN,NaN,0.417,13.871,0.055,NaN,NaN,0.229
PHVI_CORE,2.79,0.045,1.698,1.007,1,NaN,3.942,0.016,0.183,1.179,1.378,1.361,1.132,0.946,1.324,0.892,1,NaN,3.265,0.036,0,0.186,1.194,1.612,1.151,0.996,1.01,1.206,1.1,2.13,1.363,1.634,1.137,1.713,1.11,0.772,1.075,0.883,1.106,1.289,0.594,1,NaN,1.875
PIGR_CORE,0.185,0.065,0.505,2.755,NaN,11.508,0,0.318,0,0.001,0.552,NaN,2.058,1.252,0,NaN,NaN,4.472,0,0,0.885,0,NaN,NaN,NaN,NaN,0.025,NaN,1.918,0,0.714,0.889,0,0,0,NaN,NaN,1.104,NaN,NaN,NaN,NaN,4.472,0
PISI_CORE,1.63,2.965,0.518,1.303,1,11.186,0,1.05,5.063,0.957,0.729,0.833,1.292,1.003,1.296,0.585,1,4.465,0,1.514,0.003,2.701,0.66,0.877,NaN,0.35,1.219,NaN,1.204,1.776,1.479,1.199,1,1.074,1.034,0.859,1.005,1.005,0.715,1.132,0.153,1,4.465,0
PUFI_CORE,2.858,0,1.498,2.018,NaN,12.3,4.337,0,0,1.186,1.025,1.023,1.005,1.151,1.671,0,NaN,4.679,3.592,0,0,NaN,1.52,1.037,0.999,0.997,1,1.006,1.004,1.44,1.293,0.86,0.184,0.662,2.028,5.831,1.171,1.021,0,0.089,0,NaN,4.679,2.062
RBGR_CORE,2.625,3.617,1.587,0.903,1,3.384,8.506,1.405,4.215,1.328,1.477,1.001,0.953,0.785,1.069,0.993,1,10.132,7.049,1.475,0.02,3.15,1.201,1.002,0.999,1.762,0.988,1.008,0.95,4.56,0.905,NaN,0.704,0.915,1.058,1.046,0.989,0.881,1,1.051,0.988,1,10.132,4.047
RBNU_CORE,2.233,2.97,1.36,1.092,1,12.215,2.746,1.055,3.541,1.038,1.261,1.017,1.008,1.001,1.138,0.957,1,4.849,2.274,1.476,0,3.363,1,1.027,0.999,0.997,1,1.006,1.008,1.25,1.32,1.148,1.001,0.968,1.028,1.004,1,1.002,1,1.035,0.971,1,4.849,1.306
RCKI_CORE,1.288,1.221,0.809,1.306,NaN,16.91,0.934,0.577,1.021,1.086,1.148,1.553,1.226,1.347,1.013,0.33,NaN,6.105,0.828,0.276,1.816,1.034,1.078,NaN,1.427,0.841,1.455,NaN,1.142,1.004,1.053,1.135,1.391,2.079,0.841,0.311,2.464,1.192,0.403,8.786,NaN,NaN,6.105,0.787
REVI_CORE,2.441,4.993,1.363,0.898,1,0,4.5,1.841,2.263,1.145,1.844,1.001,1.003,0.972,1.088,0.993,1,0,3.727,1.766,0.055,2.22,1,1.002,0.999,1.004,1.028,1.006,1.003,2.902,1.13,NaN,1.128,0.938,1.074,1.042,1.002,0.869,1,1.128,0.988,1,0,2.14
RUBL_CORE,0.055,1,0.004,0.054,NaN,NaN,0,0.8,0,0,0.038,NaN,NaN,0,0.069,NaN,NaN,NaN,0,0.699,1.078,0,NaN,NaN,NaN,NaN,NaN,NaN,NaN,0,0.024,0,NaN,2.294,0,0,NaN,0,NaN,0,NaN,NaN,NaN,0
RWBL_CORE,1.972,2.746,1.568,0.74,1,0,0,1.843,0.097,0.87,0.309,0.913,0.747,0.394,0.877,1.213,1,NaN,0,1.3,2.629,0.082,1.04,0.988,0.756,0.074,1.112,0.607,0.774,0.053,0.19,0,0.35,0.856,1.146,2.043,0.264,0.404,1.322,0.972,1.005,1,NaN,0
SAVS_CORE,0.056,0.04,0.319,0.206,1,0,0,0.308,0,0.186,0.001,0.081,0.551,0.086,0.158,1.188,1,NaN,0,0,0.575,0,0,0.041,1.427,NaN,0.816,1.562,0.011,0,0,0,0.009,0.054,0.588,0.045,0.022,0.092,0.393,0.341,0.877,1,NaN,0
SOSP_CORE,2.645,4.353,1.565,0.752,1,12.712,15.266,1.529,1.004,1.412,0.547,1.001,0.991,0.501,0.941,1.009,1,5.402,12.673,0.596,5.295,0.703,1.282,1.002,0.999,1.907,1.046,1.009,0.994,4.293,0.912,0,0.114,0.59,1.235,2.218,0.411,0.525,1.022,1.021,0.988,1,5.402,7.297
SWSP_CORE,1.057,0.004,0.971,0.364,NaN,NaN,1.239,0.004,0.007,1.035,1.812,0.963,1.041,NaN,0.52,0.51,NaN,NaN,1.141,0.002,0.058,0.009,1.006,1.001,0.907,1.043,1.089,1.439,0.816,1.024,1.169,0.738,NaN,0.08,0.59,1.141,NaN,NaN,0.568,0,0.444,NaN,NaN,1.009
SWTH_CORE,1.228,1.541,0.911,1.405,NaN,11.83,0.857,1.01,1.539,0.96,1.14,1.548,1.015,1.113,1.14,0.163,NaN,4.709,0.709,1.026,0.924,1.826,0.596,NaN,1.423,0.841,0.999,0.675,1.09,1.355,1.105,1.083,1.117,2.184,0.977,0.99,1.529,1.123,0.195,6.688,3.834,NaN,4.709,0.479
TEWA_CORE,1.553,2.22,0.684,1.175,1,28.763,0.661,1.052,1.066,0.917,1.798,1.553,0.923,1.097,1.296,0.863,1,10.132,0.547,1.006,1.009,1.034,0.858,1.635,NaN,0.793,1.282,0,0.862,0.787,1.438,2.397,1.15,2.132,1.014,1,1.346,1.203,1.008,4.333,1.339,1,10.132,0.463
TRES_CORE,1.443,0.282,0.901,0.888,1,11.868,0.375,0.261,0.44,0.907,0.592,0.903,0.765,1.022,0.605,0.898,1,4.594,0.326,0.085,2.481,0.357,1.471,0.935,0.868,0.916,0.819,0.715,0.793,0.528,0.541,0.018,0.063,0.556,0.901,0.626,1.083,0.976,0.679,0.61,1.01,1,4.594,0.231
VATH_CORE,0.419,0,0.005,2.66,NaN,11.359,0,0,0,NaN,0.009,NaN,NaN,1.216,0.255,NaN,NaN,4.465,NaN,0,0,0,NaN,NaN,NaN,NaN,NaN,NaN,NaN,NaN,0.368,0.026,0,0,NaN,NaN,1.668,1.099,NaN,0,NaN,NaN,4.465,NaN
VESP_CORE,1.523,3.555,0.15,0.892,1,0,NaN,1.692,0,0.099,0.003,0.01,0.422,0.592,1.048,1.462,1,NaN,NaN,1.405,0.79,NaN,0,0,1.427,NaN,0.126,1.963,0.002,NaN,0.002,NaN,1.224,0.939,1.566,2.135,0.121,0.082,1.838,1.016,0.995,1,NaN,NaN
WAVI_CORE,1.126,0.192,0.002,1.245,1,11.186,NaN,0.072,0,0,0,0.013,0.008,0.97,0.688,2.117,1,4.465,NaN,0.232,0,NaN,0,0.013,1.142,0,0,0,0.02,NaN,0,0,0.357,0.457,1.358,2.712,1.001,1.001,4.42,0.696,1.313,1,4.465,NaN
WCSP_CORE,0.013,0.02,0.299,NaN,NaN,NaN,0,0.329,0,0,0.297,NaN,NaN,NaN,NaN,NaN,NaN,NaN,0,0,0.663,0,NaN,NaN,NaN,NaN,NaN,NaN,NaN,0,0.26,0,NaN,NaN,NaN,NaN,NaN,NaN,NaN,NaN,NaN,NaN,NaN,NaN
WETA_CORE,0.78,2.107,0.015,0.837,NaN,5.76,0,1.108,1.737,0,NaN,NaN,NaN,0.701,0.975,1.062,NaN,3.119,0,1.007,1.039,1.329,0,NaN,NaN,NaN,NaN,NaN,NaN,NaN,NaN,NaN,1.021,0.985,0.967,1,0.736,0.606,1.131,0.989,1.187,NaN,3.119,NaN
WEWP_CORE,0.472,1.301,0,0.892,NaN,11.238,0,1.134,0,NaN,0,NaN,NaN,0.921,0.637,3.613,NaN,4.447,0,1.052,1.088,0,NaN,NaN,NaN,NaN,NaN,NaN,NaN,NaN,NaN,0,1.031,0.979,0.588,1.865,0.611,0.964,NaN,0.035,2.556,NaN,4.447,NaN
WIWA_CORE,0.271,0.129,0.529,2.76,NaN,11.43,0,0.188,0,0.002,0.56,NaN,NaN,1.26,0,NaN,NaN,4.448,0,0,1.749,0,NaN,NaN,NaN,NaN,0.027,NaN,NaN,0.001,0.717,0.701,0.769,0,0,NaN,NaN,1.109,NaN,NaN,NaN,NaN,4.448,0
WIWR_CORE,2.602,0,1.537,1.334,NaN,NaN,1.916,0,2.806,1.04,1.512,1.18,1.019,1.501,1.694,0.008,NaN,NaN,1.587,0,0,11.706,1.076,1.312,0.999,0.997,1,1.014,1.022,1.109,1.244,1.909,NaN,1.724,1.124,0.637,1.589,1.252,0.01,6.993,NaN,NaN,NaN,1.009
WTSP_CORE,1.862,0.094,1.078,0.985,1,14.038,1.39,0.035,1.058,1.003,1.228,1.02,1.022,1.012,0.999,0.656,1,5.246,1.16,0.015,0.285,1.031,1,1.032,0.999,0.997,1,1.01,1.029,1.021,1.048,1.348,0.779,0.547,0.827,0.215,1.037,1.032,0.856,1.244,0.313,1,5.246,1.014
WWCR_CORE,0.864,2.1,0.672,1.273,NaN,20.381,0.461,1.056,0.229,0.75,1.243,NaN,1.001,1.314,0.819,0.069,NaN,7.434,0.44,1.021,1.073,0.245,0.267,NaN,NaN,0.149,1.56,NaN,0.933,0.553,1.015,1.815,1.578,3.747,0.762,0.364,2.317,1.184,0.084,0.008,NaN,NaN,7.434,0.483
YBFL_CORE,1.904,0,1.158,2.455,NaN,6.903,1.455,0,0.293,1.148,1.277,1.242,1.037,1.401,1.767,0,NaN,2.542,1.221,0,0,0.37,1.248,1.472,0.981,0.992,1.201,0.874,1.074,1.069,1.169,1.248,NaN,NaN,1.658,1.222,NaN,1.168,0,NaN,NaN,NaN,2.542,1.048
YRWA_CORE,1.421,1.742,0.814,1.296,1,14.642,0.707,0.965,1.019,0.986,1.7,1.23,1.026,1.087,1.383,0.301,1,5.857,0.624,1.288,0.581,1.014,1.016,1.635,1.102,0.92,1.023,1.261,0.928,0.907,1.243,3.062,1.079,2.187,1.001,0.809,1.415,1.097,0.37,4.944,0.019,1,5.857,0.559
YWAR_CORE,0.348,0.062,0.216,0.667,1,6.896,0.026,0.199,0.059,0.261,0.312,0.638,0.272,0.55,0.647,1.161,1,2.745,0.027,0.054,3.046,0.075,0.611,0.662,0.893,0.246,0.504,0.629,0.05,0.082,0.376,0.185,0.581,0.322,0.971,0.694,0.805,0.567,1.064,0.664,1.094,1,2.745,0.032
ALFL,1.104,0.698,1.017,1.044,1,1.476,1.075,0.775,0.562,0.992,1.266,1.081,1.023,1.031,0.94,0.924,1,1.653,1.011,0.746,0.92,0.613,1.079,1.12,1.016,0.876,1.146,0.968,1.02,0.804,1.072,1.224,0.957,0.976,0.946,0.853,1.109,1.018,0.922,0.894,0.969,1,1.653,0.955
AMCR,1.469,1.082,1.215,0.671,1,1.018,1.792,0.972,1.051,1.054,0.843,0.896,0.854,0.868,0.579,1.133,1,1.195,1.742,0.967,1.053,1.045,1.08,0.88,0.97,1.16,0.919,0.94,0.817,1.315,0.828,0.83,0.733,0.436,1.006,1.284,0.725,0.848,1.028,0.541,1.023,1,1.195,1.614
AMGO,1.61,0.997,1.277,0.831,1,0.94,1.683,0.975,1.111,1.016,0.92,0.835,0.813,0.939,0.847,1.193,1,0.94,1.645,0.979,1.033,1.082,1.05,0.828,0.915,1.163,0.989,0.852,0.783,1.142,0.872,0.934,0.911,0.69,1.109,1.173,0.829,0.926,1.231,1.18,0.938,1,0.94,1.578
AMPI,0.355,0.356,0.803,1.02,1,0.776,0.627,0.907,0.989,0.938,0.487,1,1.002,1.012,0.999,1,1,0.698,0.837,0.987,0.849,0.986,1,1,1,0.996,1.001,1.007,1,0.739,0.668,0.587,0.994,1,1,1,1,1,1,1,1,1,0.698,1.001
AMRE,2.093,1.332,1.383,1.114,1,0.786,3.802,0.891,1.172,1.152,1.211,0.972,0.964,0.949,1.23,1.323,1,1.415,3.391,0.965,0.801,1.13,1.206,0.926,1.032,0.992,0.946,0.904,1.002,1.896,1.134,1.149,0.887,0.802,1.174,1.097,0.988,0.954,1.397,1.843,1.161,1,1.415,2.383
AMRO,0.93,0.826,0.914,1.005,1,0.985,0.936,0.926,0.928,0.979,0.849,0.978,0.901,0.984,0.905,0.97,1,1.141,0.947,0.916,1.031,0.932,0.963,0.953,1.023,0.985,0.96,0.87,0.907,1.007,0.969,0.886,0.864,0.813,0.997,1.026,0.953,0.969,0.949,0.795,0.957,1,1.141,0.993
ATSP,0.028,0.014,0.418,1.316,1,0.78,0.032,0.461,0.753,0.514,0.286,1,1.004,1.12,0.991,0.996,1,0.686,0.099,0.852,0.618,0.629,0.988,1,1,0.996,1.001,1.007,1.002,0.165,0.4,0.557,0.848,1.022,0.988,0.983,1,1.035,0.994,0.999,1,1,0.686,0.774
BAWW,2.065,1.563,1.451,0.954,1,1.132,3.736,1.036,1.486,1.204,1.057,1.057,0.944,1.019,1.156,0.933,1,1.216,3.365,1.013,0.765,1.581,1.191,1.117,0.964,1.281,1.013,0.979,0.945,1.701,0.97,0.951,1.038,1.072,1.11,1.042,1.038,0.972,1.017,1.41,0.866,1,1.216,2.409
BBWA,1.959,3.164,1.07,0.979,1,0.916,3.663,1.383,5.426,1.014,1.422,1.166,1.173,1.016,1.561,0.431,1,1.019,3.095,1.48,0.303,3.846,0.996,1.234,1.062,0.926,1.08,1.172,1.147,2.317,1.226,2.01,1.293,1.846,1.19,0.769,1.068,1.024,0.462,2.932,0.917,1,1.019,1.879
BCCH,1.815,1.199,1.381,1.002,1,0.98,2.512,0.994,1.243,1.178,0.979,1.025,0.906,0.994,0.976,1.006,1,1.207,2.368,1.031,0.897,1.25,1.211,1.047,0.99,1.176,0.971,0.886,0.904,1.735,0.971,0.888,0.865,0.834,1.032,1.03,0.996,0.968,0.997,0.86,0.96,1,1.207,1.957
BHVI,2.133,1.505,1.365,1.042,1,1.016,2.979,0.936,1.556,1.339,1.364,1.172,0.959,1.069,1.117,0.784,1,1.165,2.616,1.013,0.735,1.563,1.361,1.305,1.009,1.195,1.214,0.886,0.978,1.859,1.092,1.374,1.009,1.011,0.972,0.734,1.116,1.02,0.812,1.085,0.92,1,1.165,1.795
BLBW,3.181,1.169,1.918,1.073,1,1.202,8.283,0.839,2.053,1.449,1.22,1.103,0.971,1.011,1.719,0.988,1,1.344,7.223,0.936,0.704,1.566,1.755,1.203,0.958,1.686,1.018,0.984,0.972,2.646,0.961,1.046,0.904,1.135,1.503,1.27,0.942,0.971,0.991,2.424,1.013,1,1.344,4.779
BLJA,2.214,1.103,1.588,0.887,1,1.031,3.151,1.007,1.436,1.162,1.002,0.951,0.847,1.004,1.096,0.82,1,1.04,2.985,1.018,0.921,1.402,1.269,0.984,0.918,1.408,0.986,0.898,0.818,1.494,0.861,0.993,0.988,1.025,1.157,1.263,0.945,0.974,0.983,1.148,0.595,1,1.04,2.545
BLPW,0.176,0.412,0.166,1.205,1,1.109,0.059,0.681,0.138,0.512,0.403,0.996,0.959,1.096,0.788,0.989,1,1.057,0.072,0.568,1.273,0.136,0.93,0.992,1.005,0.677,0.928,1.004,0.913,0.212,0.733,0.361,0.972,0.984,0.83,0.773,1.112,1.099,0.992,0.995,1.005,1,1.057,0.285
BOCH,1.176,1.418,1.038,1.095,1,1.382,0.89,1.143,1.228,0.876,1.106,1.05,1.067,1.096,1.082,0.9,1,1.165,0.851,1.208,1.049,1.266,0.926,1.035,1.052,0.917,1.127,1.046,1.041,0.727,1.208,1.193,1.124,1.22,0.987,0.904,1.074,1.081,0.952,1.138,0.924,1,1.165,0.788
BRBL,0.989,1.304,0.985,0.763,1,0.974,1.01,1.114,1,0.993,1.014,0.876,0.999,0.947,0.759,1.238,1,0.984,1.004,0.977,0.933,1.01,0.98,0.821,1,0.996,1,1.009,0.995,1,0.998,1.006,1.008,0.934,1.045,1.346,0.84,0.947,1.346,0.664,0.965,1,0.984,1.007
BRCR,1.453,1.064,1.246,1.016,1,0.996,1.613,0.966,1.507,1.12,1.467,1.051,1.048,1.031,1.254,0.899,1,0.973,1.49,0.994,0.906,1.508,1.245,1.087,0.994,0.99,1.153,1.105,1.026,1.054,1.158,1.062,1.191,1.304,1.083,0.938,1.01,1.017,0.943,1.655,0.902,1,0.973,1.21
BRTH,1.038,0.981,1.012,0.921,1,0.998,1.013,0.988,0.993,0.992,1.011,0.931,0.803,0.981,0.9,1.049,1,0.996,1.008,0.983,1.003,0.992,0.989,0.927,0.972,0.988,1.001,0.974,0.739,0.996,0.992,1.008,0.979,0.825,0.995,0.994,0.95,0.981,0.988,0.853,0.994,1,0.996,1.01
BTBW,3.087,0.817,1.729,1.589,1,1.551,7.423,0.847,0.474,1.243,0.96,1.298,0.888,1.184,1.138,1.007,1,1.318,6.427,1.021,0.973,1.056,2.191,1.44,1.157,1.131,0.901,0.804,0.954,1.272,0.835,1.379,0.848,0.983,1.118,1.061,1.607,1.048,1.034,0.859,0.971,1,1.318,4.09
BTNW,2.173,0.946,1.29,1.295,1,1.257,3.412,0.617,1.308,1.166,0.931,1.048,0.851,1.101,1.316,1.143,1,1.435,3.03,0.8,0.79,1.278,1.485,1.06,1.016,1.091,0.867,0.796,0.887,1.738,1.137,1.336,0.833,0.883,1.166,0.753,1.255,1.02,1.209,1.469,1.044,1,1.435,2.159
CAWA,2.309,1.892,1.496,1.115,1,0.959,3.532,1.077,2.974,1.231,1.261,1.055,0.977,1.05,1.396,1.281,1,1.15,3.178,1.095,0.598,2.648,1.296,1.079,1.006,1.289,0.988,0.971,1.004,2.052,1.036,1.037,1.113,1.151,1.211,0.934,1.099,0.99,1.4,2.09,1.169,1,1.15,2.262
CEDW,1.603,1.129,1.335,0.98,1,1.03,2.034,1.036,1.086,1.134,1.057,1.031,0.944,1.025,1.064,0.946,1,1.139,1.918,1.05,0.932,1.145,1.229,1.057,0.991,1.127,1.01,0.95,0.939,1.334,0.982,0.96,0.983,1.01,1.079,1.145,1.058,0.981,0.935,1.145,0.95,1,1.139,1.603
CHSP,0.93,1.116,0.706,1.006,1,1.429,0.971,0.861,1.202,0.895,1.062,0.956,0.975,1.043,1.012,0.926,1,1.529,0.934,0.774,0.897,1.112,0.818,0.949,0.99,1.039,0.918,1.07,0.952,1.039,0.997,1.036,0.998,1.149,1.01,1.026,1.032,1.034,0.972,1.243,0.916,1,1.529,0.925
CMWA,1.461,2.792,0.742,0.959,1,0.854,1.396,1.578,6.042,0.776,1.308,1.018,1.118,1.034,1.459,0.634,1,0.829,1.265,1.438,0.643,4.557,0.722,1.042,1.021,0.868,1.09,1.08,1.107,1.491,1.144,1.207,1.373,1.684,1.203,1.194,0.994,0.998,0.711,2.682,0.766,1,0.829,0.911
CONW,1.961,2.276,1.122,0.949,1,0.937,2.907,1.086,4.05,1.192,1.623,0.788,1.114,0.915,1.199,1.182,1,0.859,2.587,1.075,0.342,3.015,1.077,0.757,0.97,1.312,1.252,1.3,1.04,2.537,1.307,1.143,1.211,1.112,1.022,0.89,0.686,0.843,1.234,1.596,1.151,1,0.859,1.779
CORA,0.988,1.076,0.935,0.962,1,1.015,1.03,1.023,0.916,0.976,0.991,0.925,1.005,1.006,0.997,0.918,1,1.048,1.02,0.986,1.026,0.939,0.951,0.901,0.996,0.991,0.997,1.031,1.005,0.953,0.999,0.963,1.005,1.033,1.007,1.039,1.011,0.995,0.922,1.04,0.94,1,1.048,1.014
CORE,0.049,0.056,0.451,0.903,1,0.967,0.042,0.456,0.248,0.692,0.418,1,1.003,1.032,0.788,0.996,1,0.883,0.08,0.401,0.703,0.214,0.99,1,1,0.993,0.995,1.007,1,0.299,0.424,0.66,0.969,1.088,0.943,0.999,0.999,1.027,0.995,0.998,1,1,0.883,0.731
COYE,1.897,1.149,1.405,0.963,1,1.092,2.253,0.99,1.016,1.082,1.398,0.842,0.961,1.036,1.048,0.9,1,1.211,2.056,1.012,0.98,1.13,1.079,0.81,0.955,1.053,1.118,0.967,0.941,1.182,1.166,1.189,0.967,0.954,1.071,1.096,1.03,0.991,1.049,1.22,0.664,1,1.211,1.607
CSWA,3.129,0.993,1.877,0.962,1,1.072,7.496,0.812,1.753,1.244,1.087,0.965,0.989,0.98,1.389,1.031,1,1.046,6.676,0.901,0.805,1.441,1.314,0.983,0.94,1.664,0.925,1.043,0.972,2.275,0.833,1.113,0.899,0.929,1.312,0.971,0.928,0.963,1.146,2.005,0.823,1,1.046,4.761
DEJU,0.895,0.994,0.807,1.3,1,1.44,0.32,0.85,0.41,0.712,1.217,1.08,1.047,1.132,1.011,0.789,1,1.622,0.308,0.856,0.997,0.48,0.796,1.099,1.039,0.681,1.047,1.003,1.035,0.497,1.005,1.253,1.003,1.307,0.911,0.834,1.217,1.094,0.824,1.201,0.895,1,1.622,0.421
EABL,1.194,0.978,1.145,0.982,1,1.027,1.12,0.982,0.967,1.009,1.012,0.954,0.856,0.999,0.985,1.015,1,1.002,1.093,0.988,1.009,0.997,1.038,0.981,0.94,1.02,0.999,0.952,0.813,1.01,0.987,1.004,0.976,0.925,1.014,1.007,0.981,0.986,1.019,1.019,0.896,1,1.002,1.041
EAKI,1.05,1.058,1.025,0.855,1,0.99,1.025,1.051,1.01,0.99,1.005,0.906,0.828,0.927,0.838,1.066,1,0.988,1.019,1.037,1.061,1.006,0.981,0.892,0.975,1.008,0.994,0.984,0.768,1.003,0.982,1.006,0.921,0.752,1.003,1.058,0.829,0.93,1.12,0.822,0.868,1,0.988,1.021
EATO,1.009,1.018,1.009,0.984,1,0.989,1.003,1.019,1.001,0.991,1.015,0.969,0.961,0.996,0.994,1.022,1,0.995,0.998,1.006,1,1.003,0.986,0.968,0.988,0.997,0.994,1.001,0.941,0.999,1,1.006,1.006,1,1.014,1.035,0.991,0.997,1.035,1.02,0.972,1,0.995,1.003
EVGR,1.679,1.588,1.278,1.048,1,0.985,2.042,1.096,1.934,1.131,1.082,1.021,0.994,1.003,1.272,0.95,1,1.074,1.92,1.199,0.926,1.807,1.112,1.017,1.014,1.195,1.003,0.965,1.013,1.431,1.06,1,1.013,1.205,1.165,1.238,1.008,0.993,0.942,1.475,1.059,1,1.074,1.567
FISP,0.997,0.999,0.978,1.003,1,1,1.013,0.999,0.999,0.999,1.016,1.005,0.832,1.001,1.007,0.988,1,1,1.007,0.999,1,1,1,1.003,1.006,0.996,1.001,1.007,0.765,1,1.002,1.006,1.001,1.013,1,1,1.003,1.001,0.997,1.018,0.971,1,1,1.008
FOSP,0.221,0.411,0.327,1.146,1,0.799,0.032,0.807,0.111,0.334,0.429,1.038,1.008,1.149,0.696,0.908,1,0.582,0.036,0.729,1.343,0.146,0.727,1.05,1.021,0.639,0.976,0.971,0.968,0.128,0.628,0.633,0.958,1.212,0.715,0.813,1.246,1.11,0.883,0.962,1,1,0.582,0.126
GCKI,2.041,0.959,1.453,1.451,1,1.187,2.264,0.676,1.137,1.177,1.436,1.168,1.044,1.133,1.338,0.748,1,1.379,1.989,0.928,0.936,1.452,1.418,1.289,1.014,0.98,1.053,1.035,1.058,1.317,1.289,1.22,0.891,1.165,1.122,1.069,1.289,1.066,0.728,1.139,0.924,1,1.379,1.367
GCTH,0.103,0.102,0.612,0.991,1,0.969,0.306,0.572,0.517,0.862,0.425,1,1.002,0.983,0.964,0.995,1,0.856,0.515,0.769,0.508,0.48,0.986,1,1,0.996,1.001,1.007,1,0.545,0.418,0.479,0.898,1.063,0.981,0.987,1,1.014,0.994,1,1,1,0.856,0.908
GRAJ,0.772,1.676,0.648,1.081,1,1.499,0.514,1.095,0.987,0.828,1.029,1.074,1.063,1.09,1.082,0.788,1,1.463,0.502,1.095,1.079,1.011,0.77,1.093,1.032,0.773,1.125,1.097,1.052,0.509,0.921,1.046,1.23,1.665,0.928,0.833,1.17,1.094,0.877,1.57,0.789,1,1.463,0.548
HAFL,0.663,0.965,0.603,1.426,1,0.666,0.881,0.963,0.948,0.972,0.586,0.986,1.002,1.088,0.969,1.005,1,0.874,0.896,0.997,0.999,0.942,0.949,0.979,1.002,0.988,0.989,1.008,0.999,0.965,1.001,0.534,0.889,1.015,0.986,1.048,0.994,0.966,1.005,0.951,1.01,1,0.874,0.944
HETH,1.248,1.212,1.047,1,1,0.962,1.264,0.825,0.692,1.073,1.204,1.108,1.052,1.083,0.97,0.788,1,0.728,1.179,0.775,0.929,0.7,1.066,1.183,0.996,1.025,1.176,1.074,1.042,0.968,1.085,1.04,1.032,1.263,0.936,0.943,1.167,1.061,0.834,1.262,0.827,1,0.728,1.196
HOLA,0.943,0.989,1.001,0.81,1,1.025,1.01,1.003,1,0.999,0.999,0.961,0.988,0.901,0.766,0.999,1,1.067,1.006,0.999,1.027,1,0.999,0.939,1.001,0.996,0.998,1.015,0.977,0.999,0.989,0.995,0.913,0.614,0.974,0.999,0.777,0.889,0.991,0.645,0.914,1,1.067,1.01
INBU,1.383,0.874,1.226,1.013,1,1.049,0.954,0.898,1.055,0.993,1.024,1.031,0.639,1.02,1.019,0.872,1,1.101,0.956,0.906,0.946,1.035,1.064,1.065,1.001,0.997,0.931,0.897,0.575,1.043,0.998,0.998,0.986,0.962,1.018,1.066,1.045,1.001,0.922,1.008,0.731,1,1.101,0.965
LCSP,1.112,1.544,0.808,0.868,1,0.993,0.885,1.27,1.279,0.959,1.148,0.637,1.042,0.983,0.948,1.464,1,0.924,0.89,1.14,0.919,1.251,0.928,0.577,0.962,1.021,1.069,1.117,1.017,0.889,0.957,1.07,1.356,1.02,1.067,1.14,0.741,0.902,1.578,1.291,1.119,1,0.924,0.925
LEFL,1.731,1.654,1.231,0.893,1,0.978,2.136,1.016,1.424,1.085,1.29,0.943,1.024,0.864,0.977,1.072,1,1.106,1.927,1.05,0.715,1.364,1.056,0.932,0.985,1.098,0.971,1.058,1.029,1.579,1.106,1.34,0.832,0.751,1.027,0.965,0.904,0.921,1.045,0.944,1.007,1,1.106,1.443
LISP,0.757,0.802,0.729,1.181,1,1.627,0.354,0.846,0.487,0.82,1.082,1.133,1.065,1.061,0.912,0.911,1,1.649,0.356,0.803,1.102,0.521,0.854,1.159,1.073,0.725,1.063,1.033,1.06,0.581,1.014,1.129,0.951,0.862,0.876,0.728,1.127,1.055,0.915,0.696,1.001,1,1.649,0.484
MAWA,2.361,1.594,1.466,0.974,1,0.897,3.813,0.958,1.254,1.178,1.651,1.177,1.047,1.102,1.133,0.612,1,1.242,3.32,1.018,0.61,1.312,1.187,1.29,1.038,1.035,1.068,1.008,1.054,1.509,1.285,1.998,1.055,1.361,0.971,0.928,1.252,1.06,0.666,1.557,0.715,1,1.242,2.223
MOWA,3.017,1.357,1.858,1.015,1,1.293,8.127,0.749,2.09,1.374,1.407,1.027,1.072,1.03,1.143,1.004,1,1.509,6.989,0.859,0.561,1.972,1.454,1.062,0.973,1.453,1.016,1.172,1.052,2.915,1.061,1.124,0.878,0.76,1.079,0.749,0.991,0.971,1.083,1.154,0.865,1,1.509,4.457
NAWA,3.567,1.061,2.096,1.028,1,1.044,5.907,0.828,0.957,1.514,1.834,1.081,1.123,1.078,1.461,0.755,1,1.174,4.976,0.921,0.779,1.389,1.98,1.15,0.975,1.293,1.156,1.158,1.11,2.268,1.355,1.665,1.04,1.405,1.245,1.302,1.223,1.029,0.899,1.844,0.557,1,1.174,3.042
NOWA,0.622,0.715,0.61,1.157,1,1.088,0.363,0.782,0.348,0.697,0.837,1.059,1.03,1.033,0.972,0.842,1,1.507,0.352,0.73,1.159,0.399,0.781,1.055,1.046,0.709,0.887,1.017,1.033,0.411,0.973,0.772,0.988,1.071,0.923,0.856,1.115,1.026,0.874,1.083,0.875,1,1.507,0.335
OCWA,0.35,0.642,0.384,0.973,1,0.751,0.154,0.797,0.345,0.643,0.849,0.946,1.018,0.897,0.783,0.874,1,0.992,0.17,0.703,1.271,0.33,0.629,0.907,1.018,0.813,0.899,1.025,1.013,0.388,0.889,0.938,0.936,0.958,0.773,0.827,0.923,0.999,0.851,1.007,1.005,1,0.992,0.334
OSFL,0.724,1.054,0.772,1.112,1,1.135,0.533,0.929,0.587,0.854,0.961,1.024,1.024,1.035,0.955,0.972,1,1.112,0.529,0.94,1.096,0.629,0.906,1.024,1.015,0.804,0.978,1.009,1.027,0.646,0.96,1.012,1.011,1.109,0.914,0.885,1.077,1.035,0.984,1.042,0.994,1,1.112,0.583
OVEN,2.266,2.755,1.31,1.015,1,1.004,4.382,1.231,2.447,1.123,1.304,0.999,0.952,0.963,1.301,1.126,1,1.435,3.786,1.24,0.392,2.134,1.015,1.015,0.971,1.235,0.927,1.043,0.934,2.396,0.98,0.934,1.091,1.151,1.145,0.859,0.943,0.93,1.217,1.958,1.05,1,1.435,2.422
PAWA,0.499,1.176,0.354,0.749,1,1.121,0.196,0.752,0.343,0.709,1.236,1.112,1.025,1.046,0.899,0.624,1,1.093,0.179,0.643,0.725,0.685,0.6,1.156,1.044,0.724,1.282,0.977,1.001,0.685,1.083,0.979,1.258,1.828,0.916,1.125,1.147,1.031,0.705,1.762,0.624,1,1.093,0.318
PHVI,2.922,1.054,1.954,0.993,1,0.618,2.651,0.788,1.148,1.48,1.812,1.181,1.136,0.905,1.206,0.911,1,1.049,2.337,0.883,0.815,1.166,1.835,1.204,1.121,0.868,1.339,1.045,1.089,2.559,1.432,1.866,0.999,1.07,1.092,0.929,1.161,0.92,0.99,1.208,0.838,1,1.049,1.626
PIGR,0.528,0.6,0.708,1.123,1,1.102,0.379,0.881,0.721,0.828,0.596,0.997,1.006,1.06,0.968,0.999,1,0.933,0.434,0.954,1.107,0.714,0.953,0.994,1.001,0.906,0.984,0.998,1.001,0.542,0.909,0.721,0.974,0.986,0.945,0.917,1.023,1.054,1.002,0.971,0.997,1,0.933,0.618
PISI,1.515,1.486,0.712,1.689,1,1.776,1.105,0.925,3.119,0.974,0.879,1.006,1.048,1.204,1.208,0.912,1,1.551,1.037,1.105,0.815,2.547,0.898,0.985,1.041,0.88,1.015,1.02,1.054,1.15,1.16,0.828,0.888,1.061,1.081,0.751,1.126,1.083,0.927,0.852,1.065,1,1.551,0.879
PUFI,1.796,1.077,1.363,1.141,1,1.032,1.912,0.943,1.01,1.205,1.116,1.095,0.956,1.065,1.039,0.929,1,1.154,1.809,1.009,0.969,1.08,1.279,1.152,1.006,1.016,1.089,0.779,0.975,1.609,1.046,1.062,0.885,0.912,1.034,0.988,1.102,1.026,0.895,0.904,0.976,1,1.154,1.528
RBGR,1.877,1.469,1.263,0.889,1,1.091,2.437,0.925,2.559,0.945,1.112,0.709,0.884,0.854,1.03,1.208,1,1.324,2.298,0.969,0.631,2.053,0.777,0.666,0.908,1.322,0.939,0.945,0.863,1.731,0.983,1.074,0.792,0.657,1.095,0.794,0.706,0.864,1.399,1.221,0.907,1,1.324,1.908
RBNU,2.013,1.63,1.392,1.199,1,1.144,2.142,0.959,2.449,1.081,1.402,1.05,1.026,1.052,1.203,0.92,1,1.566,1.89,1.185,0.841,2.31,1.089,1.063,1.019,1.043,0.969,1.02,1.029,1.466,1.264,1.275,0.998,1.043,1.046,0.933,1.089,1.032,0.935,1.19,0.996,1,1.566,1.321
RCKI,1.251,1.42,0.918,1.257,1,1.912,0.835,0.972,0.739,0.926,1.186,1.176,1.103,1.194,1.148,0.703,1,1.904,0.757,0.945,1.113,1.003,1.047,1.202,1.111,0.86,1.202,1.073,1.082,0.674,1.048,1.274,1.121,1.535,0.981,0.893,1.264,1.127,0.757,1.53,0.813,1,1.904,0.688
REVI,2.508,2.254,1.568,0.901,1,0.94,4.869,1.201,2.135,1.213,1.396,0.976,0.992,0.946,1.12,1.024,1,1.129,4.222,1.189,0.522,2.043,1.131,0.974,0.984,1.251,0.993,1.019,0.989,2.507,0.994,1.245,0.994,0.84,1.136,1.012,0.915,0.901,1.161,1.31,0.815,1,1.129,2.722
RUBL,0.302,0.91,0.475,0.833,1,1.024,0.131,0.867,0.337,0.717,0.732,1,1.005,1.015,0.806,0.884,1,0.993,0.143,0.782,1.096,0.369,0.815,1,1.001,0.937,0.996,1.006,1.003,0.384,0.626,0.898,1.064,1.252,0.912,1.045,1.006,1.01,0.881,1.043,0.963,1,0.993,0.396
RWBL,1.206,1.169,1.036,0.712,1,0.987,1.097,1.103,1.014,0.973,0.975,0.72,0.813,0.811,0.614,1.489,1,0.995,1.088,1.042,1.116,1.007,0.966,0.679,0.954,1.011,0.977,0.964,0.753,1.026,0.941,1.005,0.812,0.474,1.029,1.197,0.616,0.81,1.461,0.847,1.134,1,0.995,1.084
SAVS,0.404,0.462,0.857,0.665,1,0.963,0.267,0.943,0.787,0.909,0.693,0.823,0.928,0.838,0.579,1.06,1,0.909,0.402,1.008,1.039,0.832,0.979,0.767,1.004,0.955,0.952,1.02,0.895,0.673,0.724,0.694,0.801,0.449,0.945,1.06,0.695,0.82,1.057,0.515,0.85,1,0.909,0.752
SCTA,1.882,0.991,1.444,1.025,1,1.131,1.528,0.979,0.94,1.038,0.924,1.047,0.719,1.044,1.04,1.118,1,1.178,1.482,0.998,0.996,0.996,1.209,1.158,0.831,1.066,0.974,0.713,0.699,0.992,0.885,0.991,0.981,1.041,1.068,1.11,1.092,1.013,1.092,1.228,1.048,1,1.178,1.341
SEWR,1.121,1.054,0.948,0.888,1,0.98,1.061,1.079,1.167,0.946,1.179,0.597,1.02,1.003,1.022,1.191,1,0.994,1.06,1.013,1.023,1.094,0.86,0.563,0.923,1.045,1.091,1.122,0.979,0.952,0.949,1.001,1.306,1.134,1.036,0.944,0.864,0.95,1.46,1.482,0.84,1,0.994,1.047
SOSP,1.604,1.024,1.277,0.803,1,0.968,2.1,0.96,1.184,1.09,0.883,0.866,0.836,0.904,0.788,1.159,1,1.04,2.049,0.962,1.028,1.149,1.104,0.858,0.942,1.26,0.975,0.9,0.806,1.408,0.855,0.914,0.854,0.644,1.051,1.213,0.764,0.884,1.247,0.903,0.899,1,1.04,1.909
SWSP,0.914,0.655,0.9,0.944,1,1.286,1.007,0.652,0.457,0.85,1.147,0.946,1.008,1.063,1.039,0.77,1,1.402,0.9,0.525,0.948,0.568,0.988,0.965,0.94,0.962,0.986,1.076,0.986,0.469,1.067,0.998,1.038,1.151,1.034,0.983,1.134,1.008,0.803,1.105,0.72,1,1.402,0.701
SWTH,1.088,1.255,0.985,1.143,1,0.942,1.014,1.01,1.132,0.962,1.156,1.164,1.068,1.042,1.098,0.734,1,1.128,0.949,1.003,0.995,1.187,0.887,1.202,1.087,0.909,0.968,1.037,1.08,1.069,1.103,1.188,1.053,1.399,0.981,0.99,1.179,1.045,0.775,1.34,0.86,1,1.128,0.815
TEWA,1.284,2.435,0.557,0.985,1,1.32,0.794,1.177,2.397,0.833,1.552,1.061,1.101,1.064,1.145,0.698,1,1.239,0.708,1.11,0.839,1.916,0.632,1.067,1.061,0.826,1.108,1.122,1.071,0.943,1.311,2.208,1.304,1.794,0.953,0.727,1.224,1.116,0.754,2.347,1.011,1,1.239,0.65
TOWA,0.446,0.825,0.418,1.349,1,0.836,0.812,0.923,0.924,0.962,0.366,0.993,1,1.085,0.987,1.005,1,0.687,0.832,0.962,1.05,0.92,0.982,0.989,1,0.987,0.991,1.006,0.998,0.863,0.967,0.401,0.907,0.997,0.989,0.998,0.996,0.978,1.006,0.988,1.001,1,0.687,0.905
TRES,1.005,0.891,0.977,0.854,1,1.022,1.063,0.895,0.938,0.982,0.989,0.984,0.943,0.947,0.84,0.883,1,1.076,1.05,0.832,1.011,0.927,1.029,0.98,0.999,0.911,0.99,0.982,0.926,0.957,0.962,0.97,0.91,0.732,0.973,1.011,0.875,0.938,0.773,0.714,1.033,1,1.076,1.024
VATH,0.478,0.449,0.496,1.715,1,0.935,0.333,0.65,0.448,0.751,0.585,0.997,1.003,1.15,0.916,1,1,0.824,0.35,0.686,1.194,0.456,0.98,0.995,1.001,0.868,0.923,1.001,0.999,0.429,0.95,0.63,0.798,0.932,0.905,0.932,1.039,1.058,1,0.959,1.001,1,0.824,0.455
VEER,2.98,1.019,1.859,0.881,1,1.09,6.967,0.922,1.154,1.254,0.941,1.015,0.949,0.999,1.017,0.87,1,1.303,6.375,0.973,0.946,1.173,1.342,1.042,0.979,1.541,0.909,0.97,0.943,2.066,0.724,0.942,0.879,0.893,1.114,1.311,0.957,0.976,0.885,1.051,0.735,1,1.303,4.838
VESP,0.93,1.073,0.981,0.539,1,0.922,1.009,0.96,0.985,0.97,1.011,0.845,0.994,0.907,0.485,1.611,1,0.962,1.004,0.853,1.003,0.999,0.955,0.777,1.001,0.997,0.955,1.016,0.985,1,0.994,1.006,0.969,0.606,1.026,1.39,0.771,0.917,1.213,0.477,1.503,1,0.962,1.006
WAVI,0.926,1.154,0.768,1.253,1,0.659,1.167,0.89,1.11,0.942,0.672,0.892,0.957,0.931,0.921,1.189,1,1.341,1.145,1.042,0.98,1.08,0.914,0.854,0.994,1.054,0.846,1.008,0.955,1.088,1.015,0.599,0.508,0.697,1.06,1.148,1.1,0.901,1.151,0.804,1.117,1,1.341,1.115
WBNU,1.104,0.883,1.067,0.994,1,1.015,1.083,1.002,1.046,1.003,1.015,0.968,0.758,0.999,1.018,1.003,1,1.019,1.076,1.005,0.992,1.04,0.999,0.982,0.974,1.036,0.994,0.974,0.686,1.028,0.998,1.009,0.992,1.022,1.018,1.038,0.999,0.997,1.044,1.073,0.885,1,1.019,1.07
WETA,0.871,2.39,0.529,0.849,1,0.529,0.539,1.359,1.548,0.837,0.968,0.82,1.012,0.878,0.897,1.037,1,1.073,0.576,1.302,0.739,1.376,0.552,0.743,1.016,0.941,0.991,0.989,1.019,1.062,1.057,0.838,1.081,1.041,0.886,0.813,0.779,0.899,1.064,0.904,1.077,1,1.073,0.702
WEWP,0.706,1.206,0.751,0.897,1,0.73,0.704,1.036,0.974,0.92,0.921,0.93,1.006,0.895,0.811,1.013,1,0.956,0.744,0.954,1.009,0.96,0.808,0.895,1.001,0.934,0.987,0.997,1.009,0.954,1.007,0.905,0.864,0.76,0.939,1.077,0.817,0.948,1.005,0.722,1.029,1,0.956,0.851
WIWA,0.364,0.524,0.592,1.405,1,1.046,0.197,0.699,0.336,0.561,0.611,1.018,1.014,1.098,0.922,0.954,1,0.923,0.205,0.781,1.243,0.348,0.913,1.022,1.009,0.689,0.87,1.007,1.009,0.25,0.8,0.688,0.932,0.985,0.87,0.855,1.089,1.073,0.961,0.999,0.973,1,0.923,0.263
WIWR,2.394,1.139,1.566,1.106,1,1.415,2.335,0.786,0.923,1.134,1.755,1.183,1.049,1.081,1.22,0.701,1,1.836,1.985,0.975,0.856,1.711,1.428,1.296,1.03,0.892,1.057,1.043,1.052,1.055,1.334,2.633,1.096,1.202,1.004,0.708,1.192,1.053,0.707,1.046,0.865,1,1.836,1.278
WOTH,1.089,0.997,0.984,1.012,1,0.94,1.069,0.996,0.99,0.988,0.962,0.954,0.632,1,1.011,1.006,1,1.012,1.06,1.001,1,1.002,0.953,0.965,0.966,0.986,1.011,0.836,0.572,1.016,0.996,0.932,0.986,1.013,1.003,1.001,1.016,0.991,0.975,1.053,0.983,1,1.012,1.046
WTSP,1.956,1.256,1.321,1.033,1,1.658,1.732,0.821,0.831,1.09,1.463,1.096,1.049,1.041,1.043,0.845,1,1.959,1.554,0.867,0.923,0.939,1.14,1.162,0.995,1.033,1.101,1.029,1.044,1.179,1.199,1.678,0.956,0.871,0.965,0.783,1.093,1.026,0.894,0.989,0.842,1,1.959,1.314
WWCR,0.858,1.204,0.767,1.126,1,1.244,0.651,0.935,0.561,0.856,1.123,1.106,1.067,1.096,0.999,0.822,1,1.063,0.63,0.902,0.95,0.62,0.861,1.124,1.062,0.751,1.156,1.039,1.051,0.575,0.976,1.127,1.101,1.306,0.912,0.798,1.177,1.071,0.821,0.976,1.007,1,1.063,0.715
YBFL,1.715,1.227,1.141,1.192,1,1.232,2.268,0.892,0.416,1.236,1.133,1.217,1.06,1.154,1.042,0.754,1,1.595,2.012,1.009,0.905,0.621,1.352,1.43,0.977,1.057,1.246,1.089,1.044,1.008,1.262,1.169,0.974,1.337,0.899,0.923,1.25,1.081,0.76,0.958,0.911,1,1.595,1.536
YRWA,1.227,1.152,0.886,1.296,1,1.955,0.932,0.868,1.403,0.924,1.377,1.113,1.05,1.122,1.218,0.716,1,1.94,0.873,0.981,0.876,1.402,0.887,1.164,1.031,0.909,0.987,1.093,1.044,0.899,1.169,1.36,1.025,1.361,0.981,0.784,1.218,1.109,0.767,1.597,0.859,1,1.94,0.776
YWAR,0.708,0.596,0.666,0.817,1,1.048,0.513,0.929,0.705,0.743,0.825,0.851,0.92,0.829,0.772,1.175,1,1.206,0.513,0.89,1.149,0.77,0.868,0.824,0.973,0.916,0.884,0.972,0.912,0.364,0.867,0.851,0.78,0.523,0.972,1.009,0.728,0.881,1.061,0.721,1.099,1,1.206,0.497
ABDU,1.643,0.999,1.384,0.961,1,0.195,1.548,1.005,0.117,1.021,0.986,1.134,1.064,0.942,1.027,0.708,1,0.15,1.41,1.032,0.996,0.9,1.284,1.256,0.987,0.877,1.081,1.06,1.045,0.934,0.97,0.703,0.982,1.022,1.028,1.027,1.025,0.892,0.778,1.046,0.582,1,0.15,1.062
AGWT,0.885,2.786,0.675,0.82,1,1.135,0.381,1.883,1.556,1.018,0.733,1.022,0.96,0.915,0.839,1.339,1,1.109,0.466,1.671,1.052,1.139,0.916,1.034,1.006,1.099,0.943,0.963,0.996,1.087,0.909,0.562,0.965,1.049,0.997,1.574,0.888,0.959,1.529,0.695,1.102,1,1.109,0.76
AllWaterfowl,0.877,1.014,0.919,0.663,1,0.883,0.572,1.214,1.596,0.954,1.06,0.983,0.998,0.851,0.682,1.16,1,0.951,0.632,1.133,0.954,1.365,1.056,1.008,0.947,1.052,0.863,0.99,1.016,0.936,0.997,0.85,0.873,0.645,1.015,1.363,0.731,0.857,1.435,0.53,0.8,1,0.951,0.785
AMWI,0.631,1.317,0.542,0.573,1,1.061,0.554,1.669,1.194,0.905,0.959,0.817,0.97,0.752,0.574,1.287,1,0.947,0.607,1.426,1.304,0.936,0.733,0.766,0.996,1.017,0.994,1.038,0.942,1.022,1.011,1.012,0.875,0.636,0.858,1.49,0.636,0.802,1.568,0.359,0.912,1,0.947,0.825
BUFF,1.258,3.025,0.567,0.906,1,1.1,1.136,1.574,2.686,0.942,1.207,1.021,0.893,0.885,0.954,1.604,1,1.794,1.075,1.585,1.075,1.699,1.044,1.083,0.924,1.048,0.668,0.872,1.022,1.654,1.072,1.133,0.983,0.948,1.072,1.45,0.85,0.869,1.786,0.666,1.481,1,1.794,0.987
BWTE,1.145,3.46,0.678,0.509,1,2.273,0.957,1.745,1.553,0.862,0.99,0.413,1.003,0.774,0.484,1.3,1,2.15,0.963,1.716,0.916,1.326,0.681,0.397,1.013,1.039,1.015,1.032,0.996,1.025,0.993,0.947,0.773,0.379,0.969,1.334,0.49,0.784,2.009,0.52,0.67,1,2.15,0.984
CANV,0.808,0.863,0.771,0.501,1,1.666,0.909,1.127,0.946,0.9,0.996,0.48,1.006,0.846,0.47,1.449,1,1.302,0.891,1.001,0.75,1.018,0.666,0.451,1.014,0.998,0.981,1.012,1.008,0.969,0.996,0.955,0.875,0.513,0.892,1.128,0.681,0.848,1.953,0.508,0.822,1,1.302,0.888
CavityNesters,1.374,1.911,1.064,0.927,1,0.683,0.95,1.187,2.055,0.96,1.236,1.121,1.02,0.907,1.024,1.222,1,1.03,0.931,1.213,0.859,1.649,1.22,1.305,0.91,1.057,0.73,0.951,1.072,0.966,1.065,0.935,0.957,1.073,1.087,1.33,0.837,0.917,1.342,0.76,1.181,1,1.03,0.868
GADW,0.746,1.905,0.919,0.332,1,1.644,0.992,1.354,0.998,0.961,0.994,0.578,0.963,0.769,0.299,1.135,1,1.343,0.982,1.348,0.978,1.022,0.852,0.542,1.009,1.017,1.002,0.96,0.964,1.028,0.966,1.009,0.848,0.295,0.794,1.098,0.487,0.705,1.638,0.264,0.698,1,1.343,0.977
GGOL,1.571,0.791,1.105,0.991,1,0.69,1.033,0.578,2.942,0.955,1.12,1.139,1.016,0.967,1.162,1.188,1,0.938,0.985,0.622,0.534,2.447,1.201,1.291,0.932,1.022,0.696,0.983,1.092,1.079,1.037,1.053,0.726,1.002,1.094,0.81,0.967,0.945,1.332,1.013,1.141,1,0.938,0.867
GMER,1.41,0.45,1.141,0.956,1,0.445,0.901,0.527,1.244,0.918,1.303,1.144,1.054,1.009,1.256,0.971,1,0.561,0.894,0.516,0.565,1.158,1.296,1.351,0.886,0.971,0.754,0.958,1.083,0.847,1.078,0.896,0.818,1.202,1.075,0.811,1.149,0.995,0.969,1.591,1.127,1,0.561,0.871
GroundNesters,0.744,1.057,0.838,0.578,1,0.982,0.5,1.371,1.438,0.958,0.942,0.857,0.967,0.829,0.57,1.143,1,0.975,0.575,1.238,1.011,1.229,0.913,0.825,1.002,1.068,1.017,1.027,0.945,0.894,0.929,0.792,0.836,0.524,0.987,1.437,0.66,0.829,1.495,0.492,0.737,1,0.975,0.788
GSCA,0.326,0.384,0.391,0.606,1,0.829,0.121,0.828,1.081,0.801,0.944,0.913,1.003,0.82,0.616,1.216,1,0.889,0.156,0.698,1.078,0.915,0.716,0.886,0.987,0.959,0.945,1.006,1.002,0.732,0.95,0.731,0.824,0.654,0.858,1.151,0.704,0.861,1.361,0.391,1.23,1,0.889,0.318
GSCO,0.031,0.057,0.272,0.743,1,0.409,0.03,0.293,0.156,0.408,0.479,1.048,0.967,0.74,0.696,0.778,1,0.276,0.044,0.2,0.614,0.158,0.791,1.114,0.941,0.91,0.943,0.956,0.973,0.141,0.439,0.559,0.784,0.83,0.791,0.757,0.971,0.829,0.729,0.647,1.075,1,0.276,0.201
MALL,1.018,1.614,0.678,0.606,1,1.162,0.54,1.399,1.997,0.973,1.266,0.843,0.929,0.78,0.63,1.209,1,1.487,0.574,1.266,0.9,1.677,0.966,0.831,1.046,1.066,0.958,1.111,0.85,1.492,1.043,1.222,0.729,0.491,1.045,1.469,0.601,0.784,1.544,0.602,0.806,1,1.487,0.72
NOPI,0.223,0.416,0.705,0.396,1,0.882,0.089,0.776,0.797,0.853,0.715,0.724,0.986,0.85,0.354,1.006,1,0.579,0.152,0.612,0.947,0.918,0.828,0.648,1.001,0.99,0.973,0.989,0.984,0.658,0.751,0.692,0.907,0.444,0.879,1.605,0.678,0.841,1.373,0.294,0.609,1,0.579,0.381
NSHO,0.583,2.083,0.727,0.384,1,1.554,0.853,1.478,0.963,0.909,0.956,0.359,1.009,0.762,0.37,1.209,1,1.23,0.853,1.162,0.996,1.125,0.703,0.301,1,0.999,1.001,1.004,1.011,0.953,0.959,0.845,0.884,0.419,0.922,1.747,0.536,0.77,2.032,0.336,0.564,1,1.23,0.878
OverwaterNesters,0.676,0.576,0.754,0.679,1,0.858,0.441,0.905,1.089,0.925,0.984,0.972,1.006,0.842,0.717,1.157,1,0.798,0.493,0.809,0.951,1.06,0.952,0.978,0.978,1.003,0.876,1.046,1.017,0.949,1.015,0.852,0.861,0.736,0.991,1.211,0.775,0.866,1.391,0.544,0.847,1,0.798,0.666
REDH,0.991,2.08,0.887,0.448,1,1.461,0.955,1.39,1.039,0.964,0.959,0.474,1.013,0.812,0.395,1.362,1,1.302,0.933,1.362,0.884,1.053,0.729,0.445,1.013,1.03,1.005,1.028,1.012,0.995,0.971,0.874,1.001,0.381,0.864,1.015,0.56,0.72,1.88,0.441,0.745,1,1.302,0.91
RNDU,1.405,2.094,0.949,1.027,1,0.75,0.875,1.237,1.874,1.037,0.962,1.107,1.014,0.923,1.22,1.144,1,0.997,0.86,1.231,0.789,2.045,1.151,1.213,0.958,1.027,0.859,1.088,1.037,1.294,1.055,0.724,0.909,1.305,1.174,1.455,0.903,0.937,1.341,1.193,0.935,1,0.997,0.816
RUDU,0.915,1.955,0.907,0.475,1,1.26,0.941,1.213,1.001,0.962,0.963,0.559,1.013,0.853,0.436,1.269,1,1.295,0.918,1.208,0.951,1.131,0.837,0.5,1.016,1.017,1.035,1.048,1.006,1.016,0.984,0.939,0.977,0.356,0.929,1.119,0.655,0.799,1.965,0.431,0.641,1,1.295,0.919
ForestBirds,1.482,1.305,1.06,1.08,1,1.101,1.988,0.932,1.408,0.999,1.13,1.041,1.019,1.037,1.098,0.902,1,1.207,1.787,0.964,0.865,1.324,1.068,1.066,1.012,1.005,1.04,1.018,1.012,1.251,1.039,1.14,1.015,1.147,1.02,0.937,1.066,1.016,0.94,1.331,0.93,1,1.207,1.374
ForestBirdsCore,1.631,1.531,0.959,1.211,1,9.205,2.443,0.709,1.394,0.85,1.192,1.099,1.066,1.086,1.021,0.761,1,4.357,2.075,0.673,0.468,1.559,0.918,1.133,1.033,0.896,1.019,1.021,1.035,1.587,1.037,2.329,1.014,1.518,0.945,1.115,1.267,1.01,0.761,3.02,0.946,1,4.357,1.364
